Store,Region
1,Kerala
2,Kerala
3,Kerala
4,Kerala
5,Kerala
6,Kerala
7,Kerala
8,Kerala
9,Kerala
10,Kerala
11,Kerala
12,Kerala
13,Kerala
14,Kerala
15,Kerala
16,Kerala
17,Kerala
18,Kerala
19,Kerala
20,Kerala
21,Kerala
22,Kerala
23,Kerala
24,Kerala
25,Kerala
26,Kerala
27,Kerala
28,Kerala
29,Kerala
30,Kerala
31,Kerala
32,Kerala
33,Kerala
34,Kerala
35,Kerala
36,Kerala
37,Kerala
38,Kerala
39,Kerala
40,Kerala
41,Kerala
42,Kerala
43,Kerala
44,Kerala
45,Kerala
46,Kerala
47,Kerala
48,Kerala
49,Kerala
50,Kerala
51,Kerala
52,Kerala
53,Kerala
54,Kerala
55,Kerala
56,Kerala
57,Kerala
58,Kerala
59,Kerala
60,Kerala
61,Kerala
62,Kerala
63,Kerala
64,Kerala
65,Kerala
66,Kerala
67,Kerala
68,Kerala
69,Kerala
70,Kerala
71,Kerala
72,Kerala
73,Kerala
74,Kerala
75,Kerala
76,Kerala
77,Kerala
78,Kerala
79,Kerala
80,Kerala
81,Kerala
82,Kerala
83,Kerala
84,Kerala
85,Kerala
86,Kerala
87,Kerala
88,Kerala
89,Kerala
90,Kerala
91,Kerala
92,Kerala
93,Kerala
94,Kerala
95,Kerala
96,Kerala
97,Kerala
98,Kerala
99,Kerala
100,Kerala
101,Kerala
102,Kerala
103,Kerala
104,Kerala
105,Kerala
106,Kerala
107,Kerala
108,Kerala
109,Kerala
110,Kerala
111,Kerala
112,Kerala
113,Kerala
114,Kerala
115,Kerala
116,Kerala
117,Kerala
118,Kerala
119,Kerala
120,Kerala
121,Kerala
122,Kerala
123,Kerala
124,Kerala
125,Kerala
126,Kerala
127,Kerala
128,Kerala
129,Kerala
130,Kerala
131,Kerala
132,Kerala
133,Kerala
134,Kerala
135,Kerala
136,Kerala
137,Kerala
138,Kerala
139,Kerala
140,Kerala
141,Kerala
142,Kerala
143,Kerala
144,Kerala
145,Kerala
146,Kerala
147,Kerala
148,Kerala
149,Kerala
150,Kerala
151,Kerala
152,Kerala
153,Kerala
154,Kerala
155,Kerala
156,Kerala
157,Kerala
158,Kerala
159,Kerala
160,Kerala
161,Kerala
162,Kerala
163,Kerala
164,Kerala
165,Kerala
166,Kerala
167,Kerala
168,Kerala
169,Kerala
170,Kerala
171,Kerala
172,Kerala
173,Kerala
174,Kerala
175,Kerala
176,Kerala
177,Kerala
178,Kerala
179,Kerala
180,Kerala
181,Kerala
182,Kerala
183,Kerala
184,Kerala
185,Kerala
186,Kerala
187,Kerala
188,Kerala
189,Kerala
190,Kerala
191,North-India
192,North-India
193,North-India
194,North-India
195,North-India
196,North-India
197,North-India
198,North-India
199,North-India
200,North-India
201,North-India
202,North-India
203,North-India
204,North-India
205,North-India
206,North-India
207,North-India
208,North-India
209,North-India
210,North-India
211,North-India
212,North-India
213,North-India
214,North-India
215,North-India
216,North-India
217,North-India
218,North-India
219,North-India
220,North-India
221,North-India
222,North-India
223,North-India
224,North-India
225,North-India
226,North-India
227,North-India
228,North-India
229,North-India
230,North-India
231,North-India
232,North-India
233,North-India
234,North-India
235,North-India
236,North-India
237,North-India
238,North-India
239,North-India
240,North-India
241,North-India
242,North-India
243,North-India
244,North-India
245,North-India
246,North-India
247,North-India
248,North-India
249,North-India
250,North-India
251,North-India
252,North-India
253,North-India
254,North-India
255,North-India
256,North-India
257,North-India
258,North-India
259,North-India
260,North-India
261,North-India
262,North-India
263,North-India
264,North-India
265,North-India
266,North-India
267,North-India
268,North-India
269,North-India
270,North-India
271,North-India
272,North-India
273,North-India
274,North-India
275,North-India
276,North-India
277,North-India
278,North-India
279,North-India
280,North-India
281,North-India
282,North-India
283,North-India
284,North-India
285,North-India
286,North-India
287,North-India
288,North-India
289,North-India
290,North-India
291,North-India
292,North-India
293,North-India
294,North-India
295,North-India
296,North-India
297,North-India
298,North-India
299,North-India
300,North-India
301,North-India
302,North-India
303,North-India
304,North-India
305,North-India
306,North-India
307,North-India
308,North-India
309,North-India
310,North-India
311,North-India
312,North-India
313,North-India
314,North-India
315,North-India
316,North-India
317,North-India
318,North-India
319,North-India
320,North-India
321,North-India
322,North-India
323,North-India
324,North-India
325,North-India
326,North-India
327,North-India
328,North-India
329,North-India
330,North-India
331,North-India
332,North-India
333,North-India
334,North-India
335,North-India
336,North-India
337,North-India
338,North-India
339,North-India
340,North-India
341,North-India
342,North-India
343,North-India
344,North-India
345,North-India
346,North-India
347,North-India
348,North-India
349,North-India
350,North-India
351,North-India
352,North-India
353,North-India
354,North-India
355,North-India
356,North-India
357,North-India
358,North-India
359,North-India
360,North-India
361,North-India
362,North-India
363,North-India
364,North-India
365,North-India
366,North-India
367,North-India
368,North-India
369,North-India
370,North-India
371,North-India
372,North-India
373,North-India
374,North-India
375,North-India
376,North-India
377,North-India
378,North-India
379,North-India
380,North-India
381,North-India
382,North-India
383,North-India
384,North-India
385,North-India
386,North-India
387,North-India
388,North-India
389,North-India
390,North-India
391,North-India
392,North-India
393,North-India
394,North-India
395,North-India
396,North-India
397,North-India
398,North-India
399,North-India
400,North-India
401,West-India
402,West-India
403,West-India
404,West-India
405,West-India
406,West-India
407,West-India
408,West-India
409,West-India
410,West-India
411,West-India
412,West-India
413,West-India
414,West-India
415,West-India
416,West-India
417,West-India
418,West-India
419,West-India
420,West-India
421,West-India
422,West-India
423,West-India
424,West-India
425,West-India
426,West-India
427,West-India
428,West-India
429,West-India
430,West-India
431,West-India
432,West-India
433,West-India
434,West-India
435,West-India
436,West-India
437,West-India
438,West-India
439,West-India
440,West-India
441,West-India
442,West-India
443,West-India
444,West-India
445,West-India
446,West-India
447,West-India
448,West-India
449,West-India
450,West-India
451,West-India
452,West-India
453,West-India
454,West-India
455,West-India
456,West-India
457,West-India
458,West-India
459,West-India
460,West-India
461,West-India
462,West-India
463,West-India
464,West-India
465,West-India
466,West-India
467,West-India
468,West-India
469,West-India
470,West-India
471,West-India
472,West-India
473,West-India
474,West-India
475,West-India
476,West-India
477,West-India
478,West-India
479,West-India
480,West-India
481,West-India
482,West-India
483,West-India
484,West-India
485,West-India
486,West-India
487,West-India
488,West-India
489,West-India
490,West-India
491,West-India
492,West-India
493,West-India
494,West-India
495,West-India
496,West-India
497,West-India
498,West-India
499,West-India
500,West-India
501,West-India
502,West-India
503,West-India
504,West-India
505,West-India
506,West-India
507,West-India
508,West-India
509,West-India
510,West-India
511,West-India
512,West-India
513,West-India
514,West-India
515,West-India
516,West-India
517,West-India
518,West-India
519,West-India
520,West-India
521,West-India
522,West-India
523,West-India
524,West-India
525,West-India
526,West-India
527,West-India
528,West-India
529,West-India
530,West-India
531,West-India
532,West-India
533,West-India
534,West-India
535,West-India
536,West-India
537,West-India
538,West-India
539,West-India
540,West-India
541,West-India
542,West-India
543,West-India
544,West-India
545,West-India
546,West-India
547,West-India
548,West-India
549,West-India
550,West-India
551,West-India
552,West-India
553,West-India
554,West-India
555,West-India
556,West-India
557,West-India
558,West-India
559,West-India
560,West-India
561,West-India
562,West-India
563,West-India
564,West-India
565,West-India
566,West-India
567,West-India
568,West-India
569,West-India
570,West-India
571,West-India
572,West-India
573,West-India
574,West-India
575,West-India
576,West-India
577,West-India
578,West-India
579,West-India
580,West-India
581,West-India
582,West-India
583,West-India
584,West-India
585,West-India
586,West-India
587,West-India
588,West-India
589,West-India
590,West-India
591,West-India
592,West-India
593,West-India
594,West-India
595,West-India
596,West-India
597,West-India
598,West-India
599,West-India
600,West-India
601,East-India
602,East-India
603,East-India
604,East-India
605,East-India
606,East-India
607,East-India
608,East-India
609,East-India
610,East-India
611,East-India
612,East-India
613,East-India
614,East-India
615,East-India
616,East-India
617,East-India
618,East-India
619,East-India
620,East-India
621,East-India
622,East-India
623,East-India
624,East-India
625,East-India
626,East-India
627,East-India
628,East-India
629,East-India
630,East-India
631,East-India
632,East-India
633,East-India
634,East-India
635,East-India
636,East-India
637,East-India
638,East-India
639,East-India
640,East-India
641,East-India
642,East-India
643,East-India
644,East-India
645,East-India
646,East-India
647,East-India
648,East-India
649,East-India
650,East-India
651,East-India
652,East-India
653,East-India
654,East-India
655,East-India
656,East-India
657,East-India
658,East-India
659,East-India
660,East-India
661,East-India
662,East-India
663,East-India
664,East-India
665,East-India
666,East-India
667,East-India
668,East-India
669,East-India
670,East-India
671,East-India
672,East-India
673,East-India
674,East-India
675,East-India
676,East-India
677,East-India
678,East-India
679,East-India
680,East-India
681,East-India
682,East-India
683,East-India
684,East-India
685,East-India
686,East-India
687,East-India
688,East-India
689,East-India
690,East-India
691,East-India
692,East-India
693,East-India
694,East-India
695,East-India
696,East-India
697,East-India
698,East-India
699,East-India
700,East-India
701,East-India
702,East-India
703,East-India
704,East-India
705,East-India
706,East-India
707,East-India
708,East-India
709,East-India
710,East-India
711,East-India
712,East-India
713,East-India
714,East-India
715,East-India
716,East-India
717,East-India
718,East-India
719,East-India
720,East-India
721,East-India
722,East-India
723,East-India
724,East-India
725,East-India
726,East-India
727,East-India
728,East-India
729,East-India
730,East-India
731,East-India
732,East-India
733,East-India
734,East-India
735,East-India
736,East-India
737,East-India
738,East-India
739,East-India
740,East-India
741,East-India
742,East-India
743,East-India
744,East-India
745,East-India
746,East-India
747,East-India
748,East-India
749,East-India
750,East-India
751,East-India
752,East-India
753,East-India
754,East-India
755,East-India
756,East-India
757,East-India
758,East-India
759,East-India
760,East-India
761,East-India
762,East-India
763,East-India
764,East-India
765,East-India
766,East-India
767,East-India
768,East-India
769,East-India
770,East-India
771,East-India
772,East-India
773,East-India
774,East-India
775,East-India
776,Tamil Nadu
777,Tamil Nadu
778,Tamil Nadu
779,Tamil Nadu
780,Tamil Nadu
781,Tamil Nadu
782,Tamil Nadu
783,Tamil Nadu
784,Tamil Nadu
785,Tamil Nadu
786,Tamil Nadu
787,Tamil Nadu
788,Tamil Nadu
789,Tamil Nadu
790,Tamil Nadu
791,Tamil Nadu
792,Tamil Nadu
793,Tamil Nadu
794,Tamil Nadu
795,Tamil Nadu
796,Tamil Nadu
797,Tamil Nadu
798,Tamil Nadu
799,Tamil Nadu
800,Tamil Nadu
801,Tamil Nadu
802,Tamil Nadu
803,Tamil Nadu
804,Tamil Nadu
805,Tamil Nadu
806,Tamil Nadu
807,Tamil Nadu
808,Tamil Nadu
809,Tamil Nadu
810,Tamil Nadu
811,Tamil Nadu
812,Tamil Nadu
813,Tamil Nadu
814,Tamil Nadu
815,Tamil Nadu
816,Tamil Nadu
817,Tamil Nadu
818,Tamil Nadu
819,Tamil Nadu
820,Tamil Nadu
821,Tamil Nadu
822,Tamil Nadu
823,Tamil Nadu
824,Tamil Nadu
825,Tamil Nadu
826,Tamil Nadu
827,Tamil Nadu
828,Tamil Nadu
829,Tamil Nadu
830,Tamil Nadu
831,Tamil Nadu
832,Tamil Nadu
833,Tamil Nadu
834,Tamil Nadu
835,Tamil Nadu
836,Tamil Nadu
837,Tamil Nadu
838,Tamil Nadu
839,Tamil Nadu
840,Tamil Nadu
841,Tamil Nadu
842,Tamil Nadu
843,Tamil Nadu
844,Tamil Nadu
845,Tamil Nadu
846,Tamil Nadu
847,Tamil Nadu
848,Tamil Nadu
849,Tamil Nadu
850,Tamil Nadu
851,Tamil Nadu
852,Tamil Nadu
853,Tamil Nadu
854,Tamil Nadu
855,Tamil Nadu
856,Tamil Nadu
857,Tamil Nadu
858,Tamil Nadu
859,Tamil Nadu
860,Tamil Nadu
861,Tamil Nadu
862,Tamil Nadu
863,Tamil Nadu
864,Tamil Nadu
865,Tamil Nadu
866,Tamil Nadu
867,Tamil Nadu
868,Tamil Nadu
869,Tamil Nadu
870,Tamil Nadu
871,Tamil Nadu
872,Tamil Nadu
873,Tamil Nadu
874,Tamil Nadu
875,Tamil Nadu
876,Tamil Nadu
877,Tamil Nadu
878,Tamil Nadu
879,Tamil Nadu
880,Tamil Nadu
881,Tamil Nadu
882,Tamil Nadu
883,Tamil Nadu
884,Tamil Nadu
885,Tamil Nadu
886,Tamil Nadu
887,Tamil Nadu
888,Tamil Nadu
889,Tamil Nadu
890,Tamil Nadu
891,Tamil Nadu
892,Tamil Nadu
893,Tamil Nadu
894,Tamil Nadu
895,Tamil Nadu
896,Tamil Nadu
897,Tamil Nadu
898,Tamil Nadu
899,Tamil Nadu
900,Tamil Nadu
901,Tamil Nadu
902,Tamil Nadu
903,Tamil Nadu
904,Tamil Nadu
905,Tamil Nadu
906,Tamil Nadu
907,Tamil Nadu
908,Tamil Nadu
909,Tamil Nadu
910,Tamil Nadu
911,Tamil Nadu
912,Tamil Nadu
913,Tamil Nadu
914,Tamil Nadu
915,Tamil Nadu
916,Tamil Nadu
917,Tamil Nadu
918,Tamil Nadu
919,Tamil Nadu
920,Tamil Nadu
921,Tamil Nadu
922,Tamil Nadu
923,Tamil Nadu
924,Tamil Nadu
925,Tamil Nadu
926,Tamil Nadu
927,Tamil Nadu
928,Tamil Nadu
929,Tamil Nadu
930,Tamil Nadu
931,Tamil Nadu
932,Tamil Nadu
933,Tamil Nadu
934,Tamil Nadu
935,Tamil Nadu
936,Tamil Nadu
937,Tamil Nadu
938,Tamil Nadu
939,Tamil Nadu
940,Tamil Nadu
941,Tamil Nadu
942,Tamil Nadu
943,Tamil Nadu
944,Tamil Nadu
945,Tamil Nadu
946,Pan-India
947,Pan-India
948,Pan-India
949,Pan-India
950,Pan-India
951,Pan-India
952,Pan-India
953,Pan-India
954,Pan-India
955,Pan-India
956,Pan-India
957,Pan-India
958,Pan-India
959,Pan-India
960,Pan-India
961,Pan-India
962,Pan-India
963,Pan-India
964,Pan-India
965,Pan-India
966,Pan-India
967,Pan-India
968,Pan-India
969,Pan-India
970,Pan-India
971,Pan-India
972,Pan-India
973,Pan-India
974,Pan-India
975,Pan-India
976,Pan-India
977,Pan-India
978,Pan-India
979,Pan-India
980,Pan-India
981,Pan-India
982,Pan-India
983,Pan-India
984,Pan-India
985,Pan-India
986,Pan-India
987,Pan-India
988,Pan-India
989,Pan-India
990,Pan-India
991,Pan-India
992,Pan-India
993,Pan-India
994,Pan-India
995,Pan-India
996,Pan-India
997,Pan-India
998,Pan-India
999,Pan-India
1000,Pan-India
1001,Pan-India
1002,Pan-India
1003,Pan-India
1004,Pan-India
1005,Pan-India
1006,Pan-India
1007,Pan-India
1008,Pan-India
1009,Pan-India
1010,Pan-India
1011,Pan-India
1012,Pan-India
1013,Pan-India
1014,Pan-India
1015,Pan-India
1016,Pan-India
1017,Pan-India
1018,Pan-India
1019,Pan-India
1020,Pan-India
1021,Pan-India
1022,Pan-India
1023,Pan-India
1024,Pan-India
1025,Pan-India
1026,Pan-India
1027,Pan-India
1028,Pan-India
1029,Pan-India
1030,Pan-India
1031,Pan-India
1032,Pan-India
1033,Pan-India
1034,Pan-India
1035,Pan-India
1036,Pan-India
1037,Pan-India
1038,Pan-India
1039,Pan-India
1040,Pan-India
1041,Pan-India
1042,Pan-India
1043,Pan-India
1044,Pan-India
1045,Pan-India
1046,Pan-India
1047,Pan-India
1048,Pan-India
1049,Pan-India
1050,Pan-India
1051,Pan-India
1052,Pan-India
1053,Pan-India
1054,Pan-India
1055,Pan-India
1056,Pan-India
1057,Pan-India
1058,Pan-India
1059,Pan-India
1060,Pan-India
1061,Pan-India
1062,Pan-India
1063,Pan-India
1064,Pan-India
1065,Pan-India
1066,Pan-India
1067,Pan-India
1068,Pan-India
1069,Pan-India
1070,Pan-India
1071,Pan-India
1072,Pan-India
1073,Pan-India
1074,Pan-India
1075,Pan-India
1076,Pan-India
1077,Pan-India
1078,Pan-India
1079,Pan-India
1080,Pan-India
1081,Pan-India
1082,Pan-India
1083,Pan-India
1084,Pan-India
1085,Pan-India
1086,Pan-India
1087,Pan-India
1088,Pan-India
1089,Pan-India
1090,Pan-India
1091,Pan-India
1092,Pan-India
1093,Pan-India
1094,Pan-India
1095,Pan-India
1096,Pan-India
1097,Pan-India
1098,Pan-India
1099,Pan-India
1100,Pan-India
1101,Pan-India
1102,Pan-India
1103,Pan-India
1104,Pan-India
1105,Pan-India
1106,Pan-India
1107,Pan-India
1108,Pan-India
1109,Pan-India
1110,Pan-India
1111,Pan-India
1112,Pan-India
1113,Pan-India
1114,Pan-India
1115,Pan-India
